{
  "version": "1.0",
  "player_name": "player",
  "play_time": 400.0000000000105,
  "cat_health": 14.300000000000022,
  "cat_mood": 0,
  "game_hour": 22,
  "last_sleep_hour": 12,
  "satisfied_needs_history": [
    "touch",
    "hungry",
    "thirsty",
    "sleepy"
  ],
  "created_time": 1757347741.873771,
  "last_saved_time": 1757347741.8737712,
  "slot": 0
}